	Autore	Titolo	Genere	Numero di prestiti	Data prestito
2003	AA.VV.	Fisica A	Fisica		13-dic-2003
2003	AA.VV.	Fisica B	Fisica		13-dic-2003
2003	AA.VV.	Fisica C	Fisica		13-dic-2003
2003	Cacitti Remo, Lepre Marco, Martini Sergio e vari	La Carnia di Antonelli. Ideologia e realtà.	Fotografia		16-dic-2026
2003	Quaglia Manuela	Maridasi ir in Cjargne			16-dic-2026
2003	Zanier Leonardo	Libers ... di scugni lâ			16-dic-2026
2003	Calvino Italo	Il cavaliere inesistente			18-dic-2003
2003	Buzzati Dino	Bàrnabo delle montagne			18-dic-2003
2003	Calvino Italo	Il visconte dimezzato			18-dic-2003
2003	Neihardt John G.	Alce nero parla			18-dic-2003
2003	Hawthorne Nathaniel 	La lettera scarlatta			18-dic-2003
2003	Blixen Karen	Racconti d'inverno			18-dic-2003
2003	Stevenson Robert L.	Lo strano caso del dottor Jekyll e del signor Hyde			18-dic-2003
2003	Sciascia Leonardo	Il giorno della civetta			18-dic-2003
2003	Calvino Italo	Il castello dei destini incrociati			18-dic-2003
2003	Tabucchi Antonio	Il filo dell'orizzonte			18-dic-2003
2003	De Carlo Andrea	Treno di panna			18-dic-2003
2003	Wilde Oscar	Il ritratto di Dorian Gray			18-dic-2003
2003	Buzzati Dino	La boutique del mistero			18-dic-2003
2003	Calvino Italo	Se una notte d'inverno un viaggiatore			18-dic-2003
2003	De Carlo Andrea	Due di due			18-dic-2003
2003	Calvino Italo	La nuvola di smog			18-dic-2003
2003	Blixen Karen	Sette storie gotiche			18-dic-2003
2003	Baker Nicholson	L'ammezzato			18-dic-2003
2003	Goethe Johann W.	Le affinità elettive			18-dic-2003
2003	Huxley Aldous	Il mondo nuovo			18-dic-2003
2003	Bulgakov Mikhail 	Il maestro e Margherita			18-dic-2003
2003	Pirandello Luigi	Sei personaggi in cerca d'autore			18-dic-2003
2003	Lessing Doris	Racconti africani			18-dic-2003
2003	Bulgakov Mikhail 	Racconti			18-dic-2003
2003	Pirandello Luigi	Quaderni di Serafino Gubbio operatore			18-dic-2003
2003	De Carlo Andrea	Macno			18-dic-2003
2003	Pratolini Vasco	Cronache di poveri amanti			18-dic-2003
2003	Calvino Italo	Sotto il sole giaguaro			18-dic-2003
2003	Metter Izrail 	Il quinto angolo			18-dic-2003
2003	Lewis Roy 	Il più grande uomo scimmia del Pleistocene			18-dic-2003
2003	Woolf Virginia	Gita al faro			18-dic-2003
2003	Böll, Heinrich	Opinioni di un clown			18-dic-2003
2003	Calvino Italo	Ti con zero			18-dic-2003
2003	Ginzburg Natalia	La città e la casa			18-dic-2003
2003	Buzzati Dino	Un amore			18-dic-2003
2003	Calvino Italo	La speculazione edilizia 			18-dic-2003
2003	Greene Graham 	Una pistola in vendita			18-dic-2003
2003	Dürrenmatt Friedrich 	Greco cerca greca			18-dic-2003
2003	Celati Gianni	Quattro novelle sulle apparenze			18-dic-2003
2003	Calvino Italo	Palomar			18-dic-2003
2003	De Carlo Andrea	Uccelli da gabbia e da voliera			18-dic-2003
2003	Schnitzler Arthur 	La signorina Else			18-dic-2003
2003	Gadda Carlo Emilio	I racconti			19-dic-2003
2003	Adorno F., Gregory T., Verra V.	Storia della Filosofia	Filosofia		22-dic-2003
2004	Capitani Umberto	Scienza e pratica nella cultura latina			9-gen-2004
2004	Fior Gjso	La mê Cjargna			02/02/2004
2004	Cimitan Letizia 	Repertorio della narrativa di tradizione orale della Carnia			02/02/2004
2004	Fedro	Le favole			04/02/2004
2004	Comprensorio montano Carnia	Quaderni di cultura carnica			05/02/2004
2004	Cacitti Remo, Lepre Marco, Martini Sergio e vari	La Carnia di Antonelli. Ideologia e realtà.			13/02/2004
2004	Benedetti Alessandro	Historia corporis sive anatomice			13/02/2004
2004	Baliani Giovanni B.	De motu naturali gravium solidorum et liquidorum			13/02/2004
2004	Bellone Enrico	Galileo Galilei. Il saggiatore.			13/02/2004
2004	Levi Primo	Se questo è un uomo			21/02/2004
2004	Galilei Galileo	Opere			27/02/2004
2004	Pasquinelli Angelo	I presocratici			03/03/2004
2004	Tacitus Publius C.	La Germania			03/03/2004
2004	Ariès Philippe, Duby Georges 	La vita privata			01/04/2004
2004	Quaresima Leonardo	Riefenstahl			02/04/2004
2004	Descartes René	Opere filosofiche, vol.1			15/04/2004
2004	Banino Franco	Geometria per fisici			17/04/2004
2004	AA.VV.	Informatica e formazioni			17/04/2004
2004	Chomsky Noam	Riflessioni sul linguaggio			17/04/2004
2004	De Palma Armando (a cura di)	Linguaggio e sistemi formali			17/04/2004
2004	Nivette Jos	La grammatica generativa: introduzione a Chomsky			20/04/2004
2004	Bulgakov Mikhail 	Il maestro e Margherita			29/04/2004
2004	Buzzati Dino	Poema a fumetti			29/04/2004
2004	Huxley Aldous	Il mondo nuovo			29/04/2004
2004	Shakespeare William	Teatro, vol.3			03/05/2004
2004	Copi Irving M., Cohen Carl	Introduzione alla logica			06/05/2004
2004	Lesky, Albin	Storia della letteratura greca			06/05/2004
2004	Pulci Luigi	Morgante			06/05/2004
2004	Tacitus Publius C.	La Germania			12/05/2004
2004	Giudice Gaspare	Luigi Pirandello			12/05/2004
2004	Pirandello Luigi	Sei personaggi in cerca d'autore			12/05/2004
2004	Pirandello Luigi	Enrico IV			12/05/2004
2004	Tomizza Fulvio	L'amicizia			18/05/2004
2004	Einstein Albert	La teoria della relatività			27/05/2004
2004	Pirandello Luigi	Sei personaggi in cerca d'autore			05/06/2004
2004	Pirandello Luigi	Enrico IV			05/06/2004
2004	Goldoni Carlo	Opere, vol.II			05/06/2004
2004	Ibsen Henrik	Casa di bambola			05/06/2004
2004	AA.VV.	Il Friuli nel 1807			05/06/2004
2004	Cesare Giulio	La guerra gallica			11/10/2004
2004	Cesare Giulio	La guerra civile			11/10/2004
2004	Pirandello Luigi	Sei personaggi in cerca d'autore			27/10/2004
2004	Pirandello Luigi	Enrico IV			27/10/2004
2004	Ghirardi Gian Carlo	Un'occhiata alle carte di Dio			28/10/2004
2004	AA.VV.	Storia e dossier (n.103 - marzo '96)			08/11/2004
2004	Baudelaire Charles	I fiori del male			12/11/2004
2004	Mittner Ladislao	La letteratura tedesca del Novecento			20/11/2004
2004	Dostoevskij Fëdor M.	Umiliati e offesi			20/11/2004
2004	Bassani Giorgio	Il giardino dei Finzi-Contini			21/12/2004
2004	Pavese Cesare	La luna e i falò			21/12/2004
2004	Deledda Grazia	Canne al vento			21/12/2004
2004	Calvino Italo	Il sentiero dei nidi di ragno			21/12/2004
2004	Fenoglio Beppe	Il partigiano Johnny			21/12/2004
2004	Leopardi Giacomo	Poesie e prose vol.I			22/12/2004
2004	Leopardi Giacomo	Canti e Operette morali			22/12/2004
2004	Leopardi Giacomo	Canti e Operette morali			22/12/2004
2005	Darwin Charles	L'origine della specie			24/01/2005
2005	Ariès Philippe, Duby Georges 	La vita privata			09/02/2005
2005	Ginzburg Natalia	Lessico famigliare			14/02/2005
2005	Ginzburg Natalia	Lessico famigliare			14/02/2005
2005	Aleramo Sibilla	La donna e il femminismo : scritti 1897-1910			14/02/2005
2005	Rowbotham Sheila	Esclusa dalla storia: trecento anni di lotte della donna per la sua liberazione			18/02/2005
2005	AA.VV.	Enciclopedia Monografica FVG 2. La vita economica			18/02/2005
2005	Angelini Franca	Il teatro del Novecento da Pirandello a Fo			18/02/2005
2005	Fiocco Achille	Teatro universale dal Classicismo al Romanticismo			18/02/2005
2005	Fiocco, Achille	Teatro universale dal naturalismo ai giorni nostri			18/02/2005
2005	Aristotele	Opere			18/02/2005
2005	Circolo universitario culturale carnico	Almanacco culturale della Carnia.			18/02/2005
2005	Dostoevskij Fëdor M.	I fratelli Karamazov			23/02/2005
2005	Neruda Pablo	Le grandi opere di Pablo Neruda			23/02/2005
2005	Berto Giuseppe	Il male oscuro			23/02/2005
2005	Saba Umberto	Antologia del Canzoniere			23/02/2005
2005	Biancale Michele	Arte italiana			23/02/2005
2005	Silva Umberto	Ideologia e arte del fascismo			23/02/2005
2005	De Micheli Mario	Le avanguardie artistiche del Novecento			23/02/2005
2005	Bossaglia Rossana	Il liberty			25/02/2005
2005	Bossaglia Rossana	Il liberty in Italia			25/02/2005
2005	Larsen Egon	L'impiego civile dell'energia atomica			25/02/2005
2005	AA.VV.	Storia d'Europa vol.1			25/02/2005
2005	Petronius Arbiter	Satyricon			28/02/2005
2005	Freud Sigmund	Inibizione, sintomo e angoscia			01/03/2005
2005	Joyce James	Dedalus			01/03/2005
2005	Reichenbach, Hans	Filosofia dello spazio e del tempo			01/03/2005
2005	AA.VV.	Cjase di diu, cjase nestre			01/03/2005
2005	AA.VV.	Storia dell'arte italiana			01/03/2005
2005	Calderón de la Barca, Pedro	La vita è sogno			01/03/2005
2005	AA.VV.	Un tesoro a Perteole			01/03/2005
2005	AA.VV.	Affreschi del Friuli			01/03/2005
2005	Freud Sigmund	Introduzione allo studio della psicoanalisi			01/03/2005
2005	Miller Alice	Il bambino inascoltato			01/03/2005
2005	Ciliberto Michele	Introduzione a Bruno			01/03/2005
2005	Piciocchi Michele	Quattro conversazioni su Giordano Bruno			01/03/2005
2005	Mercandino Cesare e Augusto	Storia del territorio e delle città d'Italia			01/03/2005
2005	Montale Eugenio	Ossi di seppia			01/03/2005
2005	Shakespeare William	Romeo and Juliet			12/04/2005
2005	De Luna, Giovanni	Donne in oggetto: l'antifascismo nella società italiana 1922-1939			05/05/2005
2005	Greene Graham 	Il nostro agente all'Avana			23/05/2005
2005	Beer Sergio	Radioecologia			26/05/2005
2005	Leet L. Don	Le grandi catastrofi naturali			26/05/2005
2005	Boschi Enzo, Bordieri Franco	Terremoti d'Italia			26/05/2005
2005	AA.VV.	La scienza e i terremoti			26/05/2005
2005	De Robertis Eduardo D.P.	Biologia della cellula			08/09/2005
2005	Coleman James A.	La relatività è facile			12/09/2005
2005	Böll Heinrich	Opinioni di un clown			16/09/2005
2005	Dürrenmatt Friedrich 	Il sospetto			16/09/2005
2005	Lewis Roy 	Il più grande uomo scimmia del Pleistocene			16/09/2005
2005	Calvino Italo	La giornata di uno scrutatore			16/09/2005
2005	AA.VV.	Elettricità e magnetismo parte 1			21/09/2005
2005	AA.VV.	Elettricità e magnetismo parte 2			21/09/2005
2005	Halliday David, Resnick Robert 	Fisica vol. 1			07/10/2005
2005	Halliday David, Resnick Robert 	Fisica vol. 2			07/10/2005
2005	Edminister Joseph A.	Circuiti elettrici			16/11/2005
2005	Uhlman Fred	L'amico ritrovato			19/11/2005
2005	Dall'Aglio Giorgio	Calcolo delle probabilità			07/12/2005
2005	Sercambi Giovanni	Novelle vol. 1			07/12/2005
2005	Sercambi Giovanni	Novelle vol. 2			07/12/2005
2005	Celati Gianni	Quattro novelle sulle apparenze			16/12/2005
2005	Buzzati Dino	Bàrnabo delle montagne			16/12/2005
2005	Allende Isabel	La casa degli spiriti			16/12/2005
2005	Chandler Raymond	Il grande sonno			16/12/2005
2005	Greene Graham 	Il nostro agente all'Avana			16/12/2005
2005	Aleramo Sibilla	Una donna			16/12/2005
2005	Bufalino Gesualdo	Argo il cieco ovvero I sogni della memoria			16/12/2005
2005	Aleramo Sibilla	Amo dunque sono			16/12/2005
2005	De Carlo Andrea	Uccelli da gabbia e da voliera			16/12/2005
2005	Schnitzler Arthur 	La signorina Else			16/12/2005
2005	Cassola Carlo	La ragazza di Bube			16/12/2005
2005	Metter Izrail 	Il quinto angolo			16/12/2005
2005	Bianchi Piero Maria	Piante medicinali			17/12/2005
2005	Friuli-Venezia Giulia : Direzione regionale delle foreste e dei parchi	Flora alpina nel Friuli-Venezia Giulia			17/12/2005
2005	Buzzati Dino	Il deserto dei tartari			20/12/2005
2005	Buzzati Dino	Un amore			20/12/2005
2005	Buzzati Dino	Il deserto dei tartari			20/12/2005
2005	Tobino Mario	Il figlio del farmacista			20/12/2005
2005	Alvaro Corrado	L'uomo nel labirinto 			20/12/2005
2005	Agnelli Susanna	Vestivamo alla marinara			20/12/2005
2005	Tabucchi Antonio	Piccoli equivoci senza importanza			20/12/2005
2005	Pratolini Vasco	Cronache di poveri amanti			20/12/2005
2005	Sciascia Leonardo	Il giorno della civetta			20/12/2005
2005	Sciascia Leonardo	Il giorno della civetta			20/12/2005
2005	Tondelli Pier Vittorio	Pao pao			20/12/2005
2005	Tabucchi Antonio	Il filo dell'orizzonte			20/12/2005
2005	Sciascia Leonardo	I pugnalatori			20/12/2005
2005	Chiara Piero	I giovedì della signora Giulia			20/12/2005
2005	De Carlo Andrea	Macno			20/12/2005
2005	Bassani Giorgio	L'airone			20/12/2005
2005	Anonimo	Il novellino			20/12/2005
2005	Tomizza Fulvio	L'amicizia			20/12/2005
2005	Sciascia Leonardo	Il mare colore del vino			20/12/2005
2005	Bassani Giorgio	Il giardino dei Finzi Contini			20/12/2005
2005	Pratolini Vasco	Le ragazze di San Frediano			20/12/2005
2006	Piccioni Leone	Ungaretti - Tutte le poesie			01/02/2006
2006	Zagarrio Vito	Francis Ford Coppola			14/02/2006
2006	Polya George	Metodi matematici per l'insegnamento delle scienze fisiche			15/02/2006
2006	London Keith	Introduzione agli elaboratori elettronici			03/03/2006
2006	Apuleio	L'asino d'oro I-XI			03/03/2006
2006	Catullo	Poesie			03/03/2006
2006	Fedro	Favole 			03/03/2006
2006	Carbonetto Arturo	La poesia latina: storia e antologia			03/03/2006
2006	Yester Michael	Turbo Pascal			10/03/2006
2006	Jorno Armando	Turbo Pascal			10/03/2006
2006	Spiegelman Art	Maus			10/03/2006
2006	AA. VV.	ICMESA			16/03/2006
2006	Whitten D.G.A., Brooks J.R.V.	Dizionario di geolgia			16/03/2006
2006	AA. VV.	Storia ecosfera			24/03/2006
2006	Platone	Opere vol. 2			28/04/2006
2006	Forti Marco	Montale			28/04/2006
2006	Kafka Franz	Racconti			28/04/2006
2006	Lussu Emilio	Un anno sull'altipiano			non segnata
2006	Calvino Italo	Il cavaliere inesistente			15/09/2006
2006	Lewis Roy	Il più grande uomo scimmia del Pleistocene			15/09/2006
2006	Dürrenmatt Friedrich 	Il sospetto			15/09/2006
2006	Platone				15/09/2006
2006	Sciascia Leonardo	Il giorno della civetta			15/09/2006
2006	Calvino Italo	Marcovaldo			15/09/2006
2006	Marquez Gabriel Garcia	Cent'anni di solitudine			15/09/2006
2006	Burger Karl	I gatti			15/09/2006
2006	La Polla Franco	Steven Spielberg			15/09/2006
2006	Calvino Italo	Se una notte d'inverno un viaggiatore			21/10/2006
2006	Brontë Emily	Cime tempestose			21/10/2006
2006	Allende Isabel	La casa degli spiriti			21/10/2006
2006	Greener Graham	Il nostro agente all'Avana			21/10/2006
2006	Wilde Oscar	Il ritratto di Dorian Gray			21/10/2006
2006	Calvino Italo	Il visconte dimezzato			21/10/2006
2006	Bufalino Gesualdo	Argo il cieco ovvero i sogni della memoria			21/10/2006
2006	Carnemolla Guglielmo	D'eroina sei morto figlio			21/10/2006
2006	Shakespeare William	Teatro			21/10/2006
2006	Calvino Italo	Ti con zero			21/10/2006
2006	Buzzati Dino 	Bàrnabo delle montagne			21/10/2006
2006	De Carlo Andrea	Uccelli da gabbia e da voliera			21/10/2006
2006	Sciascia Leonardo	Il teatro della memoria			21/10/2006
2006	Sciascia Leonardo	I pugnalatori			21/10/2006
2006	De Carlo Andrea	Magno			21/10/2006
2006	De Carlo Andrea	Due di due			21/10/2006
2006	Stevenson Robert Louis	L'isola del tesoro			21/10/2006
2006	Hawthorne Nathaniel	L'isola scarlatta			21/10/2006
2006	Orwell George	La fattoria degli animali			21/10/2006
2006	Samarakis Antonis 	Lo sbaglio			21/10/2006
2006	Stevenson Robert Louis	Lo strano caso del dottor Jekyll e del signor Hyde			21/10/2006
2006	De Cervantes Miguel	Don Chisciotte			21/10/2006
2006	De Carlo Andrea	Treno di panna			21/10/2006
2006	Calvino Italo	Il castello dei destini incrociati			21/10/2006
2006	Sciascia Leonardo	Il giorno della civetta			21/10/2006
2006	Sciascia Leonardo	Il contesto			21/10/2006
2006	Buzzati Dino 	Bàrnabo delle montagne			21/10/2006
2006	Crichton Michael	Sfera			21/10/2006
2006	Sartre Jean Paul	L'immaginazione. Idee per una teoria delle emozioni			23/11/2006
2006	Sartre Jean Paul	Immagine e coscienza			23/11/2006
2006	Bufalino Gesualdo	Diceria dell'untore			30/11/2006
2006	Orwell George	1984			06/12/2006
2006	Greener Graham	Una pistola in vendita			06/12/2006
2006	Eco Umberto	Il nome della rosa			06/12/2006
2006	Calvino Italo	Palomar			06/12/2006
2006	Stevenson Robert Louis	Il master di Ballantrae			06/12/2006
2006	Lessing Doris	Racconti africani			06/12/2006
2006	Bencivenni Alessandro	Luchino Visconti			18/12/2006
2006	AA.VV.	Yucatan			22/12/2006
2006	Calcerano Luigi, Fiori Giuseppe	Filippo e Marlowe indagano			22/12/2006
2006	Saviane Giorgio	Getsemani			22/12/2006
2006	Pazzi Roberto	La principessa e il drago			22/12/2006
2006	Buzzati Dino 	Il colombre e altri cinquanta racconti			22/12/2006
2006	Deledda Grazia	Cenere			22/12/2006
2006	Sciascia Leonardo	Il consiglio d'Egitto			22/12/2006
2006	Calvino Italo	Gli amori difficili			22/12/2006
2006	Agnelli Susanna	Vestivamo alla marinara			22/12/2006
2006	Calvino Italo	Marcovaldo : Ovvero le stagioni in città			22/12/2006
2006	Calvino Italo	Il cavaliere inesistente			22/12/2006
2006	Schnitzler Arthur	Signorina Else			22/12/2006
2006	Deledda Grazia	Canne al vento			22/12/2006
2006	Saviane Giorgio	Il terzo aspetto			22/12/2006
2006	Calvino Italo	Il castello dei destini incrociati			22/12/2006
2006	Dessì Giuseppe	Il disertore			22/12/2006
2006	Blixen Karen	Sette storie gotiche			22/12/2006
2006	Deledda Grazia	Cosima			22/12/2006
2006	Sciascia Leonardo	Gli zii di Sicilia			22/12/2006
2006	Sciascia Leonardo	Il contesto			22/12/2006
2007	Bassani Giorgio	Il giardino dei Finzi Contini			11/01/2007
2007	Albertoni Ettore A.	Gaetano Mosca e la teoria della classe politica			11/01/2007
2007	Dulbecco Renato	Il progetto della vita			30/01/2007
2007	AA. VV.	Molecole e vita			30/01/2007
2007	Lehninger Albert L.	Biochimica			30/01/2007
2007	Natta Giulio	Stereochimica			05/02/2007
2007	Hendrickson James B.	Chimica organica			05/02/2007
2007	Owen M. Philips	Nel cuore della terra			05/02/2007
2007	Manferlotti Stefano	George Orwell			17/02/2007
2007	non indicato	G. Macor			24/2/2007
2007	Comunità montana	Pinacoteca d'arte contemporanea			24/2/2007
2007	Centro friulano arti	Carnia e Canal del Ferro			24/2/2007
2007	Castellani Fulvio	"Mandi" Italo			24/2/2007
2007	Lunazzi Melania, Merluzzi Franca - a cura di	La Carnia di Orazio Toschi e il mondo della sua pittura			24/2/2007
2007	Cerroni Umberto	Il pensiero politico			01/03/2007
2007	Ayres Frank	Calcolo differenziale ed integrale			01/03/2007
2007	Freud Sigmund	Introduzione allo studio della psicanalisi			08/03/2007
2007	Lipshutz Seymour	Algebra lineare			10/05/2007
2007	Scheid Francis	Analisi numerica			10/05/2007
2007	Halliday David, Resnick Robert	Fisica. Elettromagnetismo, ottica			10/05/2007
2007	Halliday David, Resnick Robert	Fisica			10/05/2007
2007	Morgenstern Oskar	Teoria dei giochi			11/06/2007
2007	D'Amore Bruno	Teoria dei giochi			11/06/2007
2007	Dazieri Sandrone	La cura del gorilla			15/11/2007
2007	Benigni Roberto, Cerami Vincenzo	La tigre e la neve			15/11/2007
2007	Guglielminetti Marziano	Petrarca e il Petrarchismo			15/11/2007
2007	Rigoni Stern Mario	Stagioni			15/11/2007
2007	De Carlo Andrea	Uccelli da gabbia e da voliera			15/11/2007
2007	Divakaruni Chitra B.	Sorella del mio cuore			15/11/2007
2007	Benigno Roberto, Cerami Vincenzo	La vita è bella			15/11/2007
2007	Rigoni Stern Mario	Stagioni			15/11/2007
2007	Hawthorne Nathaniel	La lettera scarlatta			15/11/2007
2007	Eco Umberto	Il nome della rosa			15/11/2007
2007	Kafka Franz	Il processo			15/11/2007
2007	Steinbeck John	Uomini e topi			15/11/2007
2007	Calvino Italo	Il cavaliere inesistente			15/11/2007
2007	Deledda Grazia	L'edera			15/11/2007
2007	Poe Edgar Allan	Racconti			15/11/2007
2007	Queneau Raymond	Zazie nel metrò			15/11/2007
2007	AA. VV.	Il linguaggio cinematografico			29/11/2007
2007	Waismann Friedrich	Introduzione al pensiero matematico			04/12/2007
2007	Colerus Egmont	Piccola storia della matematica			04/12/2007
2007	Boyer Carl B.	Storia della matematica			04/12/2007
2007	Peter Rozsa	Giocando con l'infinito: matematica per tutti			04/12/2007
2007	De Sanctis Federico	Saggi critici vol. 1			06/12/2007
2007	De Sanctis Federico	Saggi critici vol. 2			06/12/2007
2007	De Sanctis Federico	Saggi critici vol. 3			06/12/2007
2007	Fenoglio Beppe	Una questione privata			07/12/2007
2007	Verga Giovanni	Mastro don Gesualdo			12/12/2007
2007	Verga Giovanni	Tutte le novelle volume primo			12/12/2007
2007	Arbasino Alberto	Super Eliogabalo			14/12/2007
2007	Pirandello Luigi	I vecchi e i giovani			17/12/2007
2007	AA. VV.	Le meraviglie del comportamento animale			17/12/2007
2007	Christen Yves	L'ora della sociobiologia			17/12/2007
2007	Rensch Bernhard	Biologia vol. 2			17/12/2007
2007	Ghirardi Gian Carlo	Un'occhiata alle carte di Dio			20/12/2007
2007	Machiavelli Niccolò	La Mandragola, Belfagor, Lettere			21/12/2007
2008	Paumgartner Bernhard	Mozart			23/1/2008
2008	Divakaruni Chitra B.	Sorella del mio cuore			08/02/2008
2008	Buzzati Dino 	Un amore			08/02/2008
2008	Poe Edgar Allan	I racconti			08/02/2008
2008	Lewis Roy	Il più grande uomo scimmia del Pleistocene			08/02/2008
2008	Alighieri Dante	La Divina Commedia			08/02/2008
2008	Steinbeck John	La santa rossa			08/02/2008
2008	Fenoglio Beppe	Una questione privata			08/02/2008
2008	Magris Claudio	In alto mare			08/02/2008
2008	Goscinny René, Uderzo Albert	Asterix e Cleopatra			08/02/2008
2008	Nietzsche Friedrich	La nascita della tragedia : Genealogia della morale			21/02/2008
2008	Spreafico Alberto	Ideologia e comportamento politico			25/02/2008
2008	Rigutti Mario	Cento miliardi di stelle			10/03/2008
2008	Schopenhauer Arthur	Sulla quadruplice radice del principio di ragione sufficiente			10/03/2008
2008	Schopenhauer Arthur	La vista e i colori e carteggio con Goethe			10/03/2008
2008	AA. VV.	Sallustiana			12/03/2008
2008	La Penna Antonio	Sallustio e la rivoluzione romana			12/03/2008
2008	Syme Ronald	Sallustio			12/03/2008
2008	Cicerone Marco Tullio	De oratore			12/03/2008
2008	Rostagni Augusto	Storia della letteratura latina vol.1			12/03/2008
2008	Rostagni Augusto	Storia della letteratura latina vol.2			12/03/2008
2008	Queneau Raymond	I fiori blu			26/03/2008
2008	Auster Paul	Trilogia di New York			26/03/2008
2008	Auster Paul	Trilogia di New York			26/03/2008
2008	Vassalli Sebastiano	La chimera			26/03/2008
2008	Divakaruni Chitra B.	Sorella del mio cuore			26/03/2008
2008	Petronius Arbiter	Satyricon			21/05/2008
2008	Petronius Arbiter	Satyricon			21/05/2008
2008	Eschilo	Le tragedie			31/05/2008
2008	Divakaruni Chitra B.	Sorella del mio cuore			30/09/2008
2008	Dazieri Sandrone	La cura del gorilla			30/09/2008
2008	Divakaruni Chitra B.	Anand e la conchiglia magica			30/09/2008
2008	De Carlo Andrea	Due di due			30/09/2008
2008	Calvino Italo	Se una notte d'inverno un viaggiatore			30/09/2008
2008	Calvino Italo	Il cavaliere inesistente			30/09/2008
2008	Lewis Roy	Il più grande uomo scimmia del Pleistocene			30/09/2008
2008	Tomati Mimmo	Che cos'è l'economia			15/10/2008
2008	De Sanctis Francesco	Storia della letteratura italiana vol.1			25/10/2008
2008	De Sanctis Francesco	Storia della letteratura italiana vol.2			25/10/2008
2008	De Sanctis Francesco	Giacomo Leopardi			25/10/2008
2008	De Sanctis Francesco	La scuola liberale e la scuola democratica			25/10/2008
2008	Pirandello Luigi	Il fu Mattia Pascal			07/11/2008
2008	Pirandello Luigi	Il fu Mattia Pascal			07/11/2008
2008	Calvino Italo	La speculazione edilizia			07/11/2008
2008	Sciascia Leonardo	Il giorno della civetta			25/11/2008
2008	Celati Gianni	Quattro novelle sulle apparenze			25/11/2008
2008	Rigoni Stern Mario	Arboreto selvatico			25/11/2008
2008	Calvino Italo	Il visconte dimezzato			25/11/2008
2008	Rigoni Stern Mario	L'anno della vittoria			25/11/2008
2008	Rigoni Stern Mario	Stagioni			25/11/2008
2008	Benigno Roberto, Cerami Vincenzo	La vita è bella 			25/11/2008
2008	Crichton Michael	Sfera			25/11/2008
2008	Simenon Georges	Il porto delle nebbie			25/11/2008
2008	Flaubert Gustave	Romanzi			25/11/2008
2008	Sciascia Leonardo	Il giorno della civetta			25/11/2008
2008	Stendhal 	Il rosso e il nero			25/11/2008
2008	Bassani Giorgio	Il giardino dei Finzi Contini			25/11/2008
2008	Calvino Italo	Fiabe italiane			25/11/2008
2008	Benigni Roberto, Cerami Vincenzo	La tigre e la neve			25/11/2008
2008	Bassani Giorgio	Cinque storie ferraresi			25/11/2008
2008	Calvino Italo	Il castello dei destini incrociati			25/11/2008
2008	Buzzati Dino 	Bàrnabo delle montagne			25/11/2008
2008	Skolnik Merrill I.	Introduzione ai sistemi radar			13/12/2008
2008	Buzzati Dino 	Il deserto dei Tartari			17/12/2008
2008	Poe Edgar Allan	Opere scelte			23/12/2008
2008	Verga Giovanni	Tutte le novelle			23/12/2008
2008	Spiegel Murray R.	Analisi vettoriale			23/12/2008
2008	Baldassari Ghezzo Santuzza, Margaglio Claudio, Millevoi Tommaso	Introduzione ai metodi della geometria algebrica			23/12/2008
2008	Pagels Heinz R.	Universo simmetrico : la ricerca dell'inizio del tempo			23/12/2008
2009	Calvino Italo	Marcovaldo			20/01/2009
2009	Simenon Georges	Il porto delle nebbie			20/01/2009
2009	Calvino Italo	Se una notte d'inverno un viaggiatore			20/01/2009
2009	D'Annunzio Gabriele	Alcyone			04/02/2009
2009	Hesse Hermann	Narciso e Boccadoro			05/02/2009
2009	Toraldo di Francia Giuliano	L'indagine del mondo fisico			06/02/2009
2009	Givone Sergio	Storia del nulla			11/02/2009
2009	Ferraris Maurizio	Guida a Nietzsche			11/02/2009
2009	Lonzi Carla	Rousseau			11/02/2009
2009	Huttinger Eduard	Eduard Munch			11/02/2009
2009	Calvino Italo	Il sentiero dei nidi di ragno			12/02/2009
2009	Pugliese Carratelli Giovanni	I Greci in Occidente			27/02/2009
2009	Apuleio	Della magia			04/03/2009
2009	Apuleio	L'asino d'oro			04/03/2009
2009	Apuleio	L'asino d'oro			04/03/2009
2009	Goethe Johann W.	Ballate			04/03/2009
2009	Baudelaire Charles	I fiori del male			04/03/2009
2009	Pirandello Luigi	Il fu Mattia Pascal			04/03/2009
2009	Sanguineti Edoardo	Poesia italiana del '900			06/06/2009
2009	Rieff Philip	Freud moralista			06/06/2009
2009	Jung Carl Gustav	La psicologia del transfert			06/06/2009
2009	Leopardi Giacomo	Operette morali			06/06/2009
2009	Pirandello Luigi	Il fu Mattia Pascal			06/06/2009
2009	Pirandello Luigi	Il fu Mattia Pascal			16/09/2009
2009	Landau, Lev Davidovič, Lifšic, Evgenij Mihajlovič, Pitaevskij, Lev Petrovič	Fisica statistica			13/10/2009
2009	Benigni Roberto, Cerami Vincenzo	La vita è bella			28/10/2009
2009	Vassalli Sebastiano	La chimera			28/10/2009
2009	Calvino Italo	Sotto il sole giaguaro			28/10/2009
2009	Savitale Francesca	Madre e figlia			28/10/2009
2009	Calvino Italo	Ti con zero			28/10/2009
2009	Soriano Osvaldo	Triste, solitario y final			28/10/2009
2009	Gatto Alfonso	Poesie d'amore			28/10/2009
2009	Heschel Abraham Joshua	Chi è l'uomo?			03/11/2009
2009	Rogers Carl R.	Un modo di essere : i più recenti pensieri dell'autore su una concezione di vita centrata sulla persona			03/11/2009
2009	Eco Umberto	Il nome della rosa			03/11/2009
2009	Sciacca Federico	La libertà e il tempo			06/11/2009
2009	Geymonat Ludovico	La libertà			06/11/2009
2009	Croce Benedetto	La letteratura italiana vol.1			27/11/2009
2009	Momigliano Attilio	Questioni e correnti di storia letteraria			27/11/2009
2009	Puppo Mario	Manuale critico-bibliografico per lo studio della letteratura italiana			27/11/2009
2009	Siciliano Enzo	La letteratura italiana			27/11/2009
2009	Sapegno Natalino	Storia della letteratura italiana I			27/11/2009
2009	Viscardi Antonio	Storia letteraria d'Italia			27/11/2009
2009	Lewis Roy	Il più grande uomo scimmia del Pleistocene			11/12/2009
2009	Patterson Walter C.	Che cos'è l'energia nucleare			15/12/2009
2009	Beer Sergio	Radioecologia			15/12/2009
2009	Buzzati Dino 	Il deserto dei Tartari			18/12/2009
2009	Wilde Oscar	Il ritratto di Dorian Gray			18/12/2009
2009	Calvino Italo	Il castello dei destini incrociati			18/12/2009
2009	Buzzati Dino 	Un amore			18/12/2009
2009	Pazzi Roberto	La principessa e il drago			18/12/2009
2009	Benigni Roberto, Cerami Vincenzo	La tigre e la neve			18/12/2009
2009	Buzzati Dino 	La boutique del mistero			18/12/2009
2009	Lussu Emilio	Un anno sull'altipiano			18/12/2009
2009	Bassani Giorgio	Il giardino dei Finzi Contini			18/12/2009
2009	Benigni Roberto, Cerami Vincenzo	La vita è bella			18/12/2009
2009	Vittorini Elio	Il garofano rosso			18/12/2009
2009	Buzzati Dino 	Bàrnabo delle montagne			18/12/2009
2009	Calvino Italo	Il visconte dimezzato			18/12/2009
2009	Nietzsche Friedrich	La nascita della tragedia			18/12/2009
2009	Nietzsche Friedrich	Così perlò Zarathustra 			18/12/2009
2009	Nietzsche Friedrich	Umano, troppo umano			18/12/2009
2009	Nietzsche Friedrich	Umano, troppo umano			18/12/2009
2009	Ferraris Maurizio	Guida a Nietzsche			18/12/2009
2009	Vattimo Gianni	Introduzione a Nietzsche			18/12/2009
2009	Nietzsche Friedrich	La gaia scienza			18/12/2009
2010	Seneca Lucius Annaeus	Epistulae ad Lucilium			12/01/2010
2010	Seneca Lucius Annaeus	Medea			13/01/2010
2010	Platone	Apologia di Socrate			13/01/2010
2010	Ghirardi Gian Carlo	Un'occhiata alle carte di Dio			15/01/2010
2010	Lee Harper	Il buio oltre la siepe			10/02/2010
2010	Nicolson Iain	L'astronomia			02/03/2010
2010	Calvino Italo	Marcovaldo			31/03/2010
2010	Soddy Frederick	La storia dell'energia atomica			31/03/2010
2010	Mannino P. Gaetano	L'energia nucleare nelle sue concezioni e applicazioni			31/03/2010
2010	Scarascia M. Gian Tommaso	L'energia nucleare al servizio dell'agricoltura			31/03/2010
2010	Garofano Mario	Energia nucleare e protezione sanitaria dalle radiazioni			31/03/2010
2010	Davis Peter H., Cullen James	Guida all'identificazione delle Angiosperme			29/04/2010
2010	Ceccarelli Marcello	Una betulla per la Pio : appunti per insegnare la fisica (o per tentare di dimenticarla)			05/05/2010
2010	Collo Paolo, Sessi Frediano	Dizionario della tolleranza			27/5/2010
2010	Rousseau Jean-Jacques	Discorso sull'origine e i fondamenti dell'ineguaglianza tra gli uomini			27/5/2010
2010	De Micheli Mario	Le avanguardie artistiche del Novecento			27/5/2010
2010	Brandi Cesare	Scritti sull'arte contemporanea			27/5/2010
2010	Bodei Remo	Letteratura e psicoanalisi			27/5/2010
2010	Svevo Italo	Senilità			27/5/2010
2010	Orlando Francesco	Per una teoria freudiana della letteratura			27/5/2010
2010	Brenner Charles	Breve corso di psicoanalisi			27/5/2010
2010	Sermonti Giuseppe	Genetica generale			27/5/2010
2010	Polsinelli M., Buiatti M., Ottaviano E., Ritossa F.	Genetica			27/5/2010
2010	Sironi Gianpiero	Genetica			27/5/2010
2010	Andrade Joao, Lochak Georges	I quanti			27/5/2010
2010	Eddington Arthur 	Spazio, tempo e gravitazione: la teoria della relatività generale			27/5/2010
2010	Einstein Albert	Pensieri degli anni difficili			27/5/2010
2010	Rydnik Vitalij 	La meccanica quantistica			27/5/2010
2010	Einstein Albert, Infeld Leopold	L'evoluzione della fisica			27/5/2010
2010	Durell Clementi V.	La relatività con le quattro operazioni			27/5/2010
2010	Asimov Isaac	Il libro di fisica			27/5/2010
2010	Beckett Samuel	Teatro			27/5/2010
2010	Shaw George B.	Pygmalion			27/5/2010
2010	Angelini Franca	Il teatro del Novecento da Pirandello a Fo			27/5/2010
2010	Asimov Isaac	Il codice genetico			27/5/2010
2010	Boncinelli Edoardo	La trasmissione dei caratteri ereditari			27/5/2010
2010	Cherfas Jeremy	Ingegneria genetica			27/5/2010
2010	Aristotele	Politica			27/5/2010
2010	Rousseau Jean-Jacques	Discorso sull'origine e i fondamenti dell'ineguaglianza tra gli uomini			27/5/2010
2010	Dawkins Richard	Il gene egoista			27/5/2010
2010	Leopardi Giacomo	Operette morali			27/5/2010
2010	Pirandello Luigi	Il fu Mattia Pascal			27/5/2010
2010	Morante Elsa	La storia 			27/5/2010
2010	Pasolini Pier Paolo	Ragazzi di vita			27/5/2010
2010	Lussu Emilio	Un anno sull'altipiano			27/5/2010
2010	Allende Isabel	La casa degli spiriti			27/5/2010
2010	Vassalli Sebastiano	La chimera			27/5/2010
2010	Dawkins Richard	Il gene egoista			17/10/2010
2010	Stern Curt	I principi di genetica umana			17/10/2010
2010	Foucault Michel	Storia della follia nell'età classica			17/10/2010
2010	Roesky Herbert W., Möckel Klaus	Il luna park della chimica			17/10/2010
2010	Roesky Herbert W.	La chimica in miniatura			17/10/2010
2010	Mottana Annibale, Liborio Giuseppe, Crespi Rodolfo	Minerali e rocce			17/10/2010
2010	Ageno Mario	Elementi di fisica			12/10/2010
2010	Swezey Kenneth M.	Esperimenti per un anno : dove si spiegano i grandi problemi della scienza d'oggi con i piccoli oggetti di uso quotidiano			12/10/2010
2010	Landau Lev, Kitaigorodskij Aleksandr I.	La fisica per tutti			12/10/2010
2010	Duncan Tom	Fisica per oggi e per domani			12/10/2010
2010	Verga Giovanni	I Malavoglia			30/11/2010
2010	Ghirardi Gian Carlo	Un'occhiata alle carte di Dio			30/11/2010
2010	Argan Giulio Carlo	Storia dell'arte italiana			03/12/2010
2010	Argan Giulio Carlo	L'arte moderna dal 1770 al 1970			03/12/2010
2010	Pirandello Luigi	Il fu Mattia Pascal			10/12/2010
2010	Pirandello Luigi	Il fu Mattia Pascal			10/12/2010
2010	Lorenz Konrad	L'anello di Re Salomone			10/12/2010
2011	Buzzati Dino 	Un amore			
2011	Tomasi di Lampedusa Giuseppe	Il Gattopardo			
2011	Confalonieri Giulio	Storia della musica			
2011	Testa Corrado	Memorie e romanzi del Risorgimento			
2011	Francescato Giuseppe, Salimbeni Fulvio	Storia, lingua e società in Friuli			
2011	D'Annunzio Gabriele	Il trionfo della morte			
2011	D'Annunzio Gabriele	Le vergini delle rocce			
2011	Herm Gerhard	Il mistero dei celti			
2011	Powell Thomas G. E.	I celti			
2011	Aristotele	Politica			
2011	Einstein Albert	L'evoluzione della fisica			
2011	Coleman James A.	La relatività è facile			
2011	Bondi Hermann	La relatività e il senso comune			
2011	Praz Mario	La letteratura inglese: dai romantici al novecento			
2011	Praz Mario	La letteratura inglese: dai romantici al novecento			
2011	Daiches David	A critical history of english literature			
2011	Luperini Romano	Il Novecento			
2011	Vassalli Sebastiano	La chimera			
2011	Galilei Galileo	Opere			
2011	Vassalli Sebastiano	La chimera			
2011	Allende Isabel	La casa degli spiriti			
2011	Schneider Helga	Il rogo di Berlino			
2011	De Carlo Andrea	Macno			
2011	Dazieri Sandrone	La cura del gorilla			
2011	Calvino Italo	Il castello dei destini incrociati			
2011	Calvino Italo	Se una notte d'inverno un viaggiatore			
2011	Buzzati Dino 	Bàrnabo delle montagne			
2011	Benigni Roberto, Cerami Vincenzo	La vita è bella			
2011	Benigni Roberto, Cerami Vincenzo	La tigre e la neve			
2011	Sciascia Leonardo	Il giorno della civetta			
2011	Rigoni Stern Mario	Stagioni			
2011	Orwell George	La fattoria degli animali			
2011	Greene Graham 	Una pistola in vendita			
2011	Haddon Mark	Lo strano caso del cane ucciso a mezzanotte			
2011	Divakaruni Chitra B.	Sorella del mio cuore			
2011	Levi Primo	Se questo è un uomo			
2011	Baricco Alessandro	Mr. Gwyn			
2011	Hosseini Khaled 	Il cacciatore di aquiloni			
2011	Diffenbaugh Vanessa	Il linguaggio segreto dei fiori			
2011	Benni Stefano	Elianto			
2011	Ammaniti Niccolò	Io e te			
2011	Hornby Nick	Alta fedeltà			
2011	Wilson Susan	Lezioni di vita randagia			
2011	Schneider Helga	Stelle di cannella			
2011	Benni Stefano	La compagnia dei celestini			
2011	Hosseini Khaled 	Mille splendidi soli			
2011	Mastrocola Paola	Una barca nel bosco			
2011	Mazzantini Margaret 	Mare al mattino			
2011	Steinbeck John	Uomini e topi			
2011	Calvino Italo	Marcovaldo			
2011	De Carlo Andrea	Treno di panna			
2011	Queneau Raymond	Zazie nel metrò			
2011	Lessing Doris	Racconti africani			
2011	Hawthorne Nathaniel 	La lettera scarlatta			
2011	Calvino Italo	Il visconte dimezzato			
2011	Dostoevskij Fëdor M.	Racconti e romanzi brevi			
2011	Austen Jane	Orgoglio e pregiudizio			
2011	Zecchi Stefano	Quando ci batteva forte il cuore			
2011	Carofiglio Gianrico	Il silenzio dell'onda			
2012	Bulgakov Michail A.	Cuore di cane			
2012	Ziedan Youssef 	Azazel			
2012	Avey Denis	Auschwitz. Ero il numero 220543			
2012	Dickens Charles 	Il Circolo Pickwick			
2012	Galland Antoine (a cura di)	Le mille e una notte			
2012	D'Avenia Alessandro	Cose che nessuno sa			
2012	Conrad Joseph 	La linea d'ombra			
2012	De Gregorio Concita	Così è la vita			
2012	Hosseini Khaled 	Mille splendidi soli			
2012	Baricco Alessandro	Mr. Gwyn			
2012	Giordano Paolo	La solitudine dei numeri primi			
2012	Austen Jane	Ragione e sentimento			
2012	Beline Antoni	Il timp des domandis			
2012	Flaubert Gustave	Madame Bovary			
2012	Frank Anna 	Il diario di Anna Frank			
2012	Mastrocola Paola	Una barca nel bosco			
2012	Ghirardi Gian Carlo	Un'occhiata alle carte di Dio			
2012	Mastrocola Paola	La gallina volante			
2012	Tarchetti Ugo I.	Fosca			
2012	Benigni Roberto, Cerami Vincenzo	La tigre e la neve			
2012	D'Orta Marcello 	Aboliamo la scuola			
2012	Benni Stefano	Elianto			
2012	Austen Jane	Orgoglio e pregiudizio			
2012	Hosseini Khaled 	Il cacciatore di aquiloni			
2012	Ovidio N. Publio	Metamorfosi, vol 1			
2012	Ovidio N. Publio	Metamorfosi, vol 2			
2012	Apuleio	Le Metamorfosi o l'asino d'oro			
2012	Petronio Arbitro	Satyricon			
2012	Goethe Johann W.	I dolori del giovane Werther			
2012	Sgorlon Carlo	La foiba grande			
2012	Shakespeare William	Tutte le opere			
2012	Divakaruni Chitra B.	Sorella del mio cuore			
2012	Yourcenar Marguerite 	Memorie di Adriano			
2012	Lorenz Konrad	E l'uomo incontrò il cane			
2012	Freud Sigmund	Inibizione, sintomo e angoscia			
2012	Lutte Gérard 	Psicologia degli adolescenti e dei giovani			
2012	Hemingway Ernest 	Il vecchio e il mare			
2012	Haddon Mark	Lo strano caso del cane ucciso a mezzanotte			
2012	Hawthorne Nathaniel 	La lettera scarlatta			
2013	Sofocle	Edipo re - Antigone			
2013	Cacitti Remo, Lepre Marco, Martini Sergio e vari	La Carnia di Antonelli. Ideologia e realtà.			
2013	Ciceri Andrea e vari	Val dal lâc			
2013	AA. VV.	Atti del convegno di studio su Pio Paschini			
2013	AA. VV.	Rivista storica sulla Chiesa			
2013	Huxley Aldous	Il mondo nuovo			
2013	Calvino Italo	Sotto il sole giaguaro			
2013	Dazieri Sandrone	La cura del gorilla			
2013	Calvino Italo	Il castello dei destini incrociati			
2013	Calvino Italo	Se una notte d'inverno un viaggiatore			
2013	Calvino Italo	Il cavaliere inesistente			
2013	Benigni Roberto, Cerami Vincenzo	La tigre e la neve			
2013	Calvino Italo	Il visconte dimezzato			
2013	De Carlo Andrea	Macno			
2013	Minghetti Marco	I partiti politici e la ingerenza loro nella giustizia e nell'amministrazione			
2013	Cervantes Saavedra Miguel : de	Don Chisciotte			
2014	Aristofane	Le commedie			
2014	Fiore Lanfranco	Le esplorazioni geografiche dei Greci			
2014	Cerroni Umberto	Il pensiero politico			
2014	Nietzsche Friedrich	Così parlò Zarathustra			
2014	Hesse Hermann	Narciso e Boccadoro			
2014	Marpillero Gina	Int e pinsîrs a slàs			
2014	Ovidio N. Publio	Metamorfosi			
2015	Poe Edgar A.	Tales, Poems, Essays			
2015	Shakespeare William	Romeo and Juliet			
2015	Koyré Alexandre	La rivoluzione astronomica			
2015	Armitage Angus 	Niccolò Copernico e l'astronomia moderna			
2015	Copernico Niccolò  	La costituzione generale dell'universo			
2016	Cesare Gaio I.	La guerra gallica			
2016	D'Annunzio Gabriele	Il piacere			
2016	Tomasi di Lampedusa Giuseppe	Il Gattopardo			
2016	Cannistraro Philip V.	La fabbrica del consenso : fascismo e mass media			
2016	Levi Primo	Se questo è un uomo			
2016	Calvino Italo	Il castello dei destini incrociati			
2016	Calvino Italo	Se una notte d'inverno un viaggiatore			
2016	Ammaniti Niccolò	Io non ho paura			
2016	Calvino Italo	Le Cosmicomiche			
2016	Mazzantini Margaret 	Mare al mattino			
2016	Mastrocola Paola	Una barca nel bosco			
2016	Wilson Susan	Lezioni di vita randagia			
2016	Divakaruni Chitra B.	Anand e la conchiglia magica			
2016	Haddon Mark	Lo strano caso del cane ucciso a mezzanotte			
2017	Huxley Aldous	Il mondo nuovo			
2017	Voltaire	Candido			
2017	AA. VV.	Lo spazio letterario della Grecia antica			
2017	Lesky Albin	Storia della letteratura greca vol.1,2,3			
2017	Gernet Louis 	Antropologia della Grecia antica			
2017	Finley Moses I.	Economia e società nel mondo antico			
2017	Finley Moses I.	La politica			
2017	Roesky Herbert W., Möckel Klaus	Il luna park della chimica			
2017	Roesky Herbert W.	La chimica in miniatura			
2018	Ginzburg Natalia	Lessico famigliare			
2018	Benni Stefano	Elianto			
2018	Benni Stefano	La compagnia dei celestini			
2018	Calvino Italo	Palomar			
2018	Orwell George	1984			
2018	Tabucchi Antonio	Piccoli equivoci senza importanza 			
2018	Bassani Giorgio	Il giardino dei Finzi-Contini			
2018	Bassani Giorgio	Il giardino dei Finzi-Contini			
2018	Rossanda Rossana	La ragazza del secolo scorso			
2018	Orwell George	La fattoria degli animali			
2018	Tabucchi Antonio	Il tempo invecchia in fretta			
2018	Calvino Italo	L'entrata in guerra			
2018	Auster Paul	Trilogia di New York			
2018	Sgorlon Carlo	Il trono di legno			
2018	De Carlo Andrea	Treno di panna			
2018	Cerroni Umberto	Il pensiero politico			
2018	Benni Stefano	La compagnia dei celestini			
2018	Calvino Italo	Il sentiero dei nidi di ragno			
2018	Simenon Georges	Il porto delle nebbie			
2018	Calvino Italo	Marcovaldo			
2018	Bevilacqua Alberto	Il viaggio misterioso			
2018	Benni Stefano	Elianto			
2018	Avallone Silvia	Acciaio			
2018	Calvino Italo	Palomar			
2018	Cervantes Saavedra Miguel : de	Don Chisciotte 			
2018	Pirandello Luigi	Il fu Mattia Pascal			
2018	Buzzati Dino 	Un amore			
2018	D'Orta Marcello 	Aboliamo la scuola			
2018	Ammaniti Niccolò	Io e te			
2018	Carofiglio Gianrico	Il silenzio dell'onda			
2018	Cassola Carlo	Una relazione			
2018	Del Giudice Daniele	Staccando l'ombra da terra			
2018	Tomizza Fulvio	La città di Miriam			
2018	Calvino Italo	Il cavaliere inesistente			
2018	Calvino Italo	L'entrata in guerra			
2018	Zecchi Stefano	Quando ci batteva forte il cuore			
2018	D'Avenia Alessandro	Cose che nessuno sa			
2019	Shakespeare William	Tutte le opere			
2020	Fleury Pierre, Mathieu Jean-Paul	Esercizi di fisica			
2020	Toraldo di Francia Giuliano 	L'indagine del mondo fisico			
2020	Kittel Charles, Knight Walter D., Ruderman Malvin A.	La fisica di Berkeley			
2021	Marcuse Herbert 	Marxismo e rivoluzione			
2021	Erasmo da Rotterdam	Elogio della pazzia			
2022	Gogol' Nikolaj V.	Il cappotto			
2022	Auster Paul	Trilogia di New York			
2022	Opere	Opere, vol.1			
2022	Buzzati Dino 	Bàrnabo delle montagne			
2022	Buzzati Dino 	Bàrnabo delle montagne			
2022	Mazzariol Giacomo	Mio fratello rincorre i dinosauri			
2022	Mazzariol Giacomo	Mio fratello rincorre i dinosauri			
2022	Lewis Roy 	Il più grande uomo scimmia del Pleistocene			
2022	Steinbeck John	Uomini e topi			
2022	Lessing Doris	Racconti africani			
2022	Benni Stefano	Baol			
2022	Benni Stefano	Il bar sotto il mare			
2022	Calvino Italo	Il visconte dimezzato			
2022	Calvino Italo	Se una notte d'inverno un viaggiatore			
2022	Calvino Italo	Il castello dei destini incrociati			
2022	Calvino Italo	Il castello dei destini incrociati			
2022	Calvino Italo	Ti con zero			
2022	Gazzara Loredana	Napoli	Arte		
2022	Lorca Garcìa	Tutte le poesie			
2022	Bianchi Pier Gildo	Piante medicinali: erboristeria, fitoterapia, preparazioni erboristiche, ricettari	Scienze naturali		
2022	Streble Heinz, Krauter Dieter	Atlante dei microrganismi acquatici : la vita in una goccia d'acqua	Scienze naturali		
2022	Poldini Livio	Itinerari botanici nel Friuli Venezia Giulia	Scienze naturali		
2022	Polunin Oleg	Guida agli alberi e arbusti d'Europa	Scienze naturali		
2022	Neruda Pablo	Poesie	Letteratura spagnola e portoghese		
2022	Aichele Dietmar	Che fiore é?	Scienze naturali		
2022	Harris Cyril C.	Le rose	Scienze naturali		
2022	La Fayette Marie Madeleine	La principessa di Clèves			
2022	Kundera Milan	Lo scherzo			
2022	Conrad Joseph 	La linea d'ombra			
2022	Asimov Isaac	Cronache della galassia			
2022	Schneider Helga	Il rogo di Berlino			
2022	Bonanni Devis	Pecoranera : un ragazzo che ha scelto di vivere nella natura			
2022	Bulgakov Michail A.	Il maestro e Margherita			
2022	Hesse Hermann	Siddharta			
2022	Adichie Chimamanda N.	Metà di un sole giallo			
2022	Asimov Isaac	Cronache della galassia			
2022	Soriano Osvaldo	Triste, solitario y final			
2022	Woolf Virginia	Gita al faro			
2022	Huxley Aldous	Il mondo nuovo			
2022	Bonanni Devis	Pecoranera : un ragazzo che ha scelto di vivere nella natura			
2022	Hesse Hermann	Siddharta			
2022	Hesse Hermann	Il lupo della steppa			
2022	Kundera Milan	L'insostenibile leggerezza dell'essere			
2022	Conrad Joseph 	La linea d'ombra			
2022	Kundera Milan	L'insostenibile leggerezza dell'essere			
2022	Huxley Aldous	Il mondo nuovo			
2022	Bulgakov Michail A.	Il maestro e Margherita			
2022	Lewis Roy 	Il più grande uomo scimmia del Pleistocene			
2022	Mastrocola Paola	Una barca nel bosco			
2022	Calvino Italo	Il cavaliere inesistente			
2022	Mastrocola Paola	Una barca nel bosco			
2022	Christie Agatha	Assassinio sull'Orient Express			
2022	Mazzariol Giacomo	Mio fratello rincorre i dinosauri			
2022	Lewis Roy 	Il più grande uomo scimmia del Pleistocene			
2022	Geda Fabio	Nel mare ci sono i coccodrilli			
2022	Calvino Italo	Il barone rampante			
2022	Calvino Italo	Il barone rampante			
2022	Calvino Italo	Il cavaliere inesistente			
2022	Haddon Mark	Lo strano caso del cane ucciso a mezzanotte			
2022	Grossman David	Qualcuno con cui correre			
2022	Mazzariol Giacomo	Mio fratello rincorre i dinosauri			
2022	Calvino Italo	Il barone rampante			
2022	Sepùlveda Luis	Il vecchio che leggeva romanzi d'amore			
2022	Calvino Italo	Il castello dei destini incrociati			
2022	Ammaniti Niccolò	Io e te			
2022	Ammaniti Niccolò	Io e te			
2022	Calvino Italo	Il castello dei destini incrociati			
2022	Cipolla Carlo M.	Allegro ma non troppo			
2022	Rizzo Roberto	Salvare il mondo senza essere Superman: gesti di ecologia quotidiana			
2022	Molinari Luisa	Psicologia dello sviluppo sociale			
2022	Miller Alice 	Il bambino inascoltato			
2022	Brandimonte Maria Antonella	Psicologia della memoria			
2022	Rookes Paul, Willson Jane	La percezione			
2022	Camaioni Luigia 	Psicologia dello sviluppo del linguaggio			
2022	Kipling Rudyard 	The jungle book			
2022	Kipling Rudyard 	The jungle book			
2022	Turow Scott 	Presumed innocent			
2022	Wells Herbert G.	The time machine			
2022	Wilde Oscar	The Importance of Being Earnest			
2022	Doyle Arthur C.	Sherlock Holmes			
2022	Doyle Arthur C.	Three adventures of Sherlock Holmes			
2022	Doyle Arthur C.	The Hound of the Baskervilles			
2022	Barrie James M.	Peter Pan			
2022	Mazzariol Giacomo	Mio fratello rincorre i dinosauri			
2022	Haddon Mark	Lo strano caso del cane ucciso a mezzanotte			
2022	Sepùlveda Luis	Il vecchio che leggeva romanzi d'amore			
2022	Calvino Italo	Il castello dei destini incrociati			
2022	Ammaniti Niccolò	Io e te			
2022	Ammaniti Niccolò	Io e te			
2022	Mazzariol Giacomo	Mio fratello rincorre i dinosauri			
2022	Fitzgerald Francis Scott	The great Gatsby			
2022	Shakespeare William	Macbeth			
2022	Saki	Children, animals and strange adults			
2022	Dostoevskij Fëdor M.	Delitto e castigo			
2023	Sciascia Leonardo	Il giorno della civetta			
2023	Scott Derek J.R.	Le istituzioni politiche sovietiche			
2023	Sciascia Leonardo	Il giorno della civetta			
2023	Sciascia Leonardo	A ciascuno il suo			
2023	Saviano Roberto	Gomorra			
2023	Kakalios James 	La fisica dei supereroi			
2023	Coleman James A.	La relatività è facile			
2023	Dainty Peter	The love of a king			
2023	Asubel David P.	Educazione e processi cognitivi			
2023	Travers Pamela L.	Mary Poppins			
2023	Hammond Gillian	British legends			
2023	Doyle Arthur C.	The Hound of the Baskervilles			
2023	Jones Lewis	Fast food			
2023	Twain Mark	The Prince and the Pauper			
2023	Hamilton Ruth	The Judge's Daughter			
2023	Brontë Charlotte 	Jane Eyre			
2023	Doyle Arthur C.	The sign of the four			
2023	Woolf Virginia	The Mrs. Dalloway Reader			
2023	Dickens Charles	Oliver Twist			
2023	Wilde Oscar	The Happy Prince and Other Tales			
2023	Keynes John M.	Esortazioni e profezie			
2023	Saba Umberto	Antologia del Canzoniere			
2023	Livio Mauro	La sezione aurea			
2023	Orwell George	La fattoria degli animali			
2023	Voltaire	Candide, ou l'Optimisme			
2023	Foscolo Ugo	Le poesie			
2023	Shakespeare William	Tragedies and Poems			
2023	Shakespeare William	I sonetti			
2023	AA. VV.	Foreste, Uomo, Economia nel Friuli Venezia Giulia			
2023	AA. VV.	Archeologia industriale in Carnia			
2023	Pirandello Luigi	Tutti i romanzi			
2023	Bertoldi Silvio	Salò			
2023	Augias Corrado	I segreti d'Italia : storie, luoghi, personaggi nel romanzo di una nazione			
2023	Tabucchi Antonio	Sostiene Pereira			
2023	Torregiani Luigi	Il mio bosco è di tutti			
2023	Hesse Hermann	Siddharta			
2023	Benni Stefano	La compagnia dei celestini			
2023	Hesse Hermann	Siddharta			
2023	Roveredo Pino	Caracreatura			
2023	Steinbeck John	Uomini e topi			
2023	Terranova Nadia	Gli anni al contrario			
2023	Sciascia Leonardo	A ciascuno il suo			
2023	Benni Stefano	La compagnia dei celestini			
2023	Terranova Nadia	Gli anni al contrario			
2023	Fenoglio Beppe	Una questione privata			
2023	Wilson Susan	Lezioni di vita randagia			
2023	Pavese Cesare	La luna e i falò			
2023	Tabucchi Antonio	Sostiene Pereira			
2023	Steinbeck John	Uomini e topi			
2023	Sciascia Leonardo	Il giorno della civetta			
2023	Fenoglio Beppe	Una questione privata			
2023	Bassani Giorgio	Il giardino dei Finzi-Contini			
2023	Bassani Giorgio	Il giardino dei Finzi-Contini			
2023	Bassani Giorgio	Il giardino dei Finzi-Contini			
2023	Dickens Charles	A Christmas carol			
2023	Augias Corrado	I segreti d'Italia : storie, luoghi, personaggi nel romanzo di una nazione			
2023	Piazza Daniela	Il tempio della luce			
2023	Grossman David	Qualcuno con cui correre			
2023	Christie Agatha	Assassinio sull'Orient Express			
2023	D'Avenia Alessandro	Bianca come il latte, rossa come il sangue			
2023	Ufficio di Statistica della Regione Autonoma Friuli Venezia Giulia	Regione in cifre 2023			
2023	Rowling J.K.	Harry Potter e la pietra filosofale			
2024	Goethe Johann W.	I dolori del giovane Werther			
2024		La Bibbia			
2024	Mecacci Luciano	Introduzione alla psicologia			
2024	Coombs Clyde H., Dawes Robyn M., Tversky Amos	Introduzione alla psicologia matematica			
2024	Lee Harper	Il buio oltre la siepe			
2024	Lee Harper	Il buio oltre la siepe			
2024	Pavese Cesare	La luna e i falò			
2024	Levi Carlo	Cristo si è fermato a Eboli			
2024	Morante Elsa	L'isola di Arturo			
2024	Hemingway Ernest 	Addio alle armi			
2024	Kafka Franz	Le metamorfosi			
2024	Calvino Italo	Il sentiero dei nidi di ragno			
2024	Steinbeck John	Uomini e topi			
2024	Fenoglio Beppe	Una questione privata			
2024	Steinbeck John	Uomini e topi			
2024	Fenoglio Beppe	Una questione privata			
2024	Orwell George	1984			
2024	Kafka Franz	Lettera al padre			
2024	Pirandello Luigi	Il fu Mattia Pascal			
2024	Calvino Italo	Il visconte dimezzato			
2024	Buzzati Dino	Sessanta racconti			
2024	Buzzati Dino	Il colombre e altri cinquanta racconti			
2024	Prévost Antoine F.	Storia del cavaliere Des Grieux e di Manon Lescaut			
2024	Hemingway Ernest 	Il vecchio e il mare			
2024	Lee Harper	Il buio oltre la siepe			
2024	Lee Harper	Il buio oltre la siepe			
2024	Bradbury Ray	Fahrenheit 451			
2024	Bradbury Ray	Fahrenheit 451			
2024	Jakobsson Bjorn B.	Alla fine della strada			
2024	Svevo Italo	L'assassinio di via Belpoggio			
2024	Benni Stefano	Bar Sport Duemila			
2024	Gambetta Deborah	Viaggio di maturità			
2024	Fournier Alain	Il grande Meaulnes			
2024	Tamaro Susanna	Va' dove ti porta il cuore			
2024	Pike Christopher	Amiche per la pelle			
2024	Benni Stefano	Margherita Dolcevita			
2024	Le Clézio Jean-Marie Gustave	Il continente invisibile			
2024	King Stephen	La leggenda del vento			
2024	Marquez Gabriel Garcia	Tutte le poesie			
2024	Metalli Alver	Lupo siberiano			
2024	Choldenko Gennifer 	Al Capone mi fa il bucato			
2024	Lucarelli Carlo 	Almost blue			
2024	Sepùlveda Luis	Il vecchio che leggeva romanzi d'amore			
2024	Santarelli Enzo	Storia del Fascismo			
2024	Santarelli Enzo	Storia dell'Italia nel periodo fascista			
2024	Lovecraft Howard P.	Opere complete			
2024	Gramellini Massimo	Fai bei sogni			
2024	Terzani Tiziano	La porta proibita			
2024	Manfredi Valerio M.	La tomba di Alessandro : l'enigma			
2024	Loy Rosetta 	La parola ebreo			
2024	Haddon Mark	Lo strano caso del cane ucciso a mezzanotte			
2025	D'Annunzio Gabriele	Il piacere			
2025	Pascoli Giovanni	Poesie			
2025	AA. VV.	London Stories			
2025	Poe Edgar Allan	Tales, poems, essays			
2025	Calvino Italo	Il sentiero dei nidi di ragno			
2025	Callegari Emanuele	Combinatoria per problemi : training per le gare di matematica			
2025	Damantino Salvatore	Teoria dei numeri : induzione, divisibilità ed equazioni diofantee			
2025	Cassola Carlo	Geometria piana (vol.2)			
2025	Damantino Salvatore, Campeotto Emanuele 	Aritmetica modulare			
2025	Safaei Navid, Suppa Ercole, Tupitti Rosanna	Problem solving in algebra e teoria dei numeri : preparazione alle gare matematiche			
2025	Enzensberger Hans Magnus	Il mago dei numeri : un viaggio per superare la paura della matematica			
2025	Capelli Francesca 	L'estate che uno diventa grande			
2025	Lorca Garcìa	Tutte le poesie			
2025	Saint-Exupéry, Antoine : de	Il piccolo principe			
2025	Lovecraft Howard P.	Opere complete			
2025	Veltroni Walter	L'isola e le rose			
2025	Rayban Chloë 	L.O.V.E.			
2025	Horowitz Anthony 	Villa Ghiacciaossa			
2025	Longo Francesca	In gita di distruzione			
2025	Nelson Blake	Paranoid Park			
2025	Colfer Eoin 	La leggendaria storia di Verruca Murphy e del suo orribile sparapatate			
2025	Saint-Exupéry, Antoine : de	Il piccolo principe			
2025	Richler Mordecai	Jacob Due-Due contro Zanna Incappucciata			
2025	Alvaro Corrado	L'uomo nel labirinto 			
2025	Platone	Opere			
2026	Lee Harper	Il buio oltre la siepe			
2026	Tabucchi Antonio	Sostiene Pereira			
2026	Tabucchi Antonio	Sostiene Pereira			
2026	Rigoni Stern Mario	Il sergente nella neve			
2026	Orwell George	1984			
2026	Gadda Carlo E.	Quer pasticciaccio brutto de via Merulana			
2026	Gadda Carlo E.	Quer pasticciaccio brutto de via Merulana			
2026	Sands Matthew, Feynman Richard, B. Leighton Robert	La fisica di Feynman			
2026	Guttilla Giuseppe 	Numeri complessi			
2026	AA.VV. 	I viaggi di Erodoto			
2026	Mazzariol Giacomo	Mio fratello rincorre i dinosauri			
2026	Frank Anna 	Il diario di Anna Frank			
2026	Misgur Valentina	Trovami un giorno			
2026	Benni Stefano	Il bar sotto il mare			
2026	Roth Joseph	La leggenda del santo bevitore			
2026	Rayban Chloë 	L.O.V.E.			
2026	Margaret Doody	Aristotele e il giavellotto fatale			
2026	McEwan Ian 	L'inventore di sogni			
2026	Frank Anna 	Il diario di Anna Frank			
2026	Doyle Malachy 	Io sono l'arcobaleno			
2026	Hesse Hermann	Amicizia			
2026	Baudelaire Charles	I fiori del male			
2026	Connely Michael	L'uomo di paglia			
2026	Marzocchi Patrizia	I viaggio della speranza			
2026	Pike Christopher	Amiche per la pelle			
2026	Choldenko Gennifer 	Al Capone mi fa il bucato			
2026	Manfredi Valerio M.	La tomba di Alessandro : l'enigma			
2026	Metalli Alver	Lupo siberiano			
2026	Belgrado Eugenio 	Il Novecento			
2026	Hesse Hermann	Amicizia			
2026	Baudelaire Charles	I fiori del male			
2026	Apollonio Umberto	Il Novecento			
2026	Misgur Valentina	Trovami un giorno			
2026	Pratolini Vasco	Il quartiere			
2026	Howowitz Anthony	Villa Ghiacciaossa			
2026	Brambilla Cristiana	Il drago in discarica			
2026	Pirandello Luigi	Quaderni di Serafino Gubbio operatore			
2026	D'Avenia Alessandro	Bianca come il latte, rossa come il sangue			
2026	Sgardoli Guido	O sei dentro o sei fuori			
2026	Burgess Melvin	Innamorarsi di April			
2026	Hill Melissa	Un regalo da Tiffany			
2026	Alighieri Dante	La Divina Commedia			